node_id,packet_count,traffic_size_mb,orbit,sat_id
0,87708,5.9084014892578125,0,0
1,90236,6.0843963623046875,0,1
2,90164,6.079395294189453,0,2
3,90226,6.0836944580078125,0,3
4,90240,6.084674835205078,0,4
5,90170,6.07977294921875,0,5
6,90144,6.077968597412109,0,6
7,90264,6.086299896240234,0,7
8,90330,6.090923309326172,0,8
9,90340,6.09161376953125,0,9
10,91628,6.181316375732422,0,10
11,93164,6.288249969482422,0,11
12,91670,6.184211730957031,0,12
13,90262,6.086212158203125,0,13
14,90306,6.089252471923828,0,14
15,90306,6.0893096923828125,0,15
16,90260,6.086055755615234,0,16
17,90246,6.085166931152344,0,17
18,90286,6.087860107421875,0,18
19,90254,6.085666656494141,0,19
20,90198,6.081733703613281,0,20
21,90246,6.0850982666015625,0,21
22,89374,6.024436950683594,1,0
23,92006,6.207614898681641,1,1
24,91970,6.205108642578125,1,2
25,92050,6.210700988769531,1,3
26,92062,6.211570739746094,1,4
27,91998,6.207080841064453,1,5
28,91944,6.203327178955078,1,6
29,92002,6.207324981689453,1,7
30,91986,6.206211090087891,1,8
31,91992,6.206634521484375,1,9
32,93340,6.300479888916016,1,10
33,94820,6.403514862060547,1,11
34,93264,6.295177459716797,1,12
35,91906,6.200664520263672,1,13
36,91978,6.205619812011719,1,14
37,92052,6.210857391357422,1,15
38,92030,6.209262847900391,1,16
39,92002,6.207393646240234,1,17
40,92040,6.209930419921875,1,18
41,92022,6.208728790283203,1,19
42,91934,6.202602386474609,1,20
43,91902,6.200431823730469,1,21
44,89370,6.0241241455078125,2,0
45,92008,6.207736968994141,2,1
46,91954,6.204006195068359,2,2
47,92002,6.207347869873047,2,3
48,91986,6.206245422363281,2,4
49,91900,6.200229644775391,2,5
50,91898,6.200107574462891,2,6
51,92000,6.207202911376953,2,7
52,92000,6.207248687744141,2,8
53,91986,6.206245422363281,2,9
54,93272,6.295768737792969,2,10
55,94822,6.403682708740234,2,11
56,93336,6.300201416015625,2,12
57,91930,6.2023468017578125,2,13
58,91996,6.206890106201172,2,14
59,92020,6.2086181640625,2,15
60,91924,6.201877593994141,2,16
61,91868,6.198070526123047,2,17
62,91910,6.200862884521484,2,18
63,91946,6.203392028808594,2,19
64,91934,6.202568054199219,2,20
65,91962,6.2045745849609375,2,21
66,87782,5.913547515869141,3,0
67,90312,6.089653015136719,3,1
68,90246,6.085075378417969,3,2
69,90308,6.089408874511719,3,3
70,90342,6.091793060302734,3,4
71,90292,6.088306427001953,3,5
72,90262,6.086235046386719,3,6
73,90322,6.090354919433594,3,7
74,90346,6.092037200927734,3,8
75,90358,6.092872619628906,3,9
76,91680,6.184970855712891,3,10
77,93106,6.284217834472656,3,11
78,91544,6.175468444824219,3,12
79,90198,6.081768035888672,3,13
80,90276,6.087158203125,3,14
81,90324,6.090557098388672,3,15
82,90302,6.088962554931641,3,16
83,90338,6.0915374755859375,3,17
84,90432,6.097995758056641,3,18
85,90428,6.097774505615234,3,19
86,90360,6.093006134033203,3,20
87,90368,6.093585968017578,3,21
88,87642,5.9038238525390625,4,0
89,90162,6.079250335693359,4,1
90,90098,6.074794769287109,4,2
91,90220,6.083282470703125,4,3
92,90284,6.087738037109375,4,4
93,90218,6.083126068115234,4,5
94,90200,6.081890106201172,4,6
95,90270,6.086723327636719,4,7
96,90282,6.087604522705078,4,8
97,90202,6.081989288330078,4,9
98,91500,6.172382354736328,4,10
99,93106,6.284172058105469,4,11
100,91662,6.18365478515625,4,12
101,90292,6.088306427001953,4,13
102,90302,6.088996887207031,4,14
103,90284,6.0877838134765625,4,15
104,90222,6.083393096923828,4,16
105,90186,6.080966949462891,4,17
106,90240,6.084629058837891,4,18
107,90226,6.083705902099609,4,19
108,90190,6.081165313720703,4,20
109,90214,6.082893371582031,4,21
110,89402,6.026329040527344,5,0
111,92020,6.208583831787109,5,1
112,91948,6.203594207763672,5,2
113,91986,6.206279754638672,5,3
114,91970,6.205165863037109,5,4
115,91896,6.199962615966797,5,5
116,91894,6.199851989746094,5,6
117,91998,6.207057952880859,5,7
118,92040,6.21002197265625,5,8
119,91962,6.204540252685547,5,9
120,93288,6.296905517578125,5,10
121,94782,6.400886535644531,5,11
122,93252,6.294364929199219,5,12
123,91936,6.2027130126953125,5,13
124,91964,6.204627990722656,5,14
125,92006,6.2076263427734375,5,15
126,91944,6.203269958496094,5,16
127,91890,6.199596405029297,5,17
128,91958,6.204227447509766,5,18
129,91984,6.2061004638671875,5,19
130,91984,6.206066131591797,5,20
131,91998,6.207080841064453,5,21
132,89244,6.015300750732422,6,0
133,91888,6.199359893798828,6,1
134,91876,6.198558807373047,6,2
135,91984,6.206111907958984,6,3
136,92022,6.208751678466797,6,4
137,91954,6.203971862792969,6,5
138,91942,6.203182220458984,6,6
139,92010,6.2078704833984375,6,7
140,91994,6.206813812255859,6,8
141,91904,6.2004852294921875,6,9
142,93214,6.291748046875,6,10
143,94806,6.402568817138672,6,11
144,93332,6.299968719482422,6,12
145,91940,6.203037261962891,6,13
146,91946,6.203449249267578,6,14
147,91978,6.205711364746094,6,15
148,91934,6.202579498291016,6,16
149,91892,6.199729919433594,6,17
150,91962,6.2044830322265625,6,18
151,91956,6.204128265380859,6,19
152,91904,6.2004852294921875,6,20
153,91880,6.198848724365234,6,21
154,87776,5.91314697265625,7,0
155,90300,6.0888519287109375,7,1
156,90218,6.083137512207031,7,2
157,90292,6.088294982910156,7,3
158,90330,6.090934753417969,7,4
159,90266,6.086456298828125,7,5
160,90234,6.084262847900391,7,6
161,90314,6.0897979736328125,7,7
162,90354,6.092617034912109,7,8
163,90316,6.0899658203125,7,9
164,91624,6.181072235107422,7,10
165,93118,6.285041809082031,7,11
166,91624,6.181026458740234,7,12
167,90316,6.0899658203125,7,13
168,90334,6.0912017822265625,7,14
169,90318,6.090156555175781,7,15
170,90218,6.083148956298828,7,16
171,90178,6.080421447753906,7,17
172,90248,6.085197448730469,7,18
173,90252,6.085533142089844,7,19
174,90274,6.087024688720703,7,20
175,90354,6.092617034912109,7,21
176,87562,5.898231506347656,8,0
177,90096,6.074649810791016,8,1
178,90106,6.0753631591796875,8,2
179,90192,6.081367492675781,8,3
180,90158,6.078971862792969,8,4
181,90050,6.071453094482422,8,5
182,90084,6.073825836181641,8,6
183,90218,6.0831146240234375,8,7
184,90252,6.08551025390625,8,8
185,90164,6.0793609619140625,8,9
186,91420,6.166847229003906,8,10
187,93000,6.276821136474609,8,11
188,91484,6.171268463134766,8,12
189,90030,6.070037841796875,8,13
190,90080,6.073513031005859,8,14
191,90162,6.079261779785156,8,15
192,90170,6.079784393310547,8,16
193,90130,6.077068328857422,8,17
194,90142,6.0778350830078125,8,18
195,90124,6.076610565185547,8,19
196,90126,6.076709747314453,8,20
197,90130,6.077022552490234,8,21
198,89232,6.014488220214844,9,0
199,91850,6.196754455566406,9,1
200,91814,6.194248199462891,9,2
201,91880,6.198860168457031,9,3
202,91858,6.1973114013671875,9,4
203,91760,6.1905059814453125,9,5
204,91732,6.188579559326172,9,6
205,91782,6.192054748535156,9,7
206,91798,6.193180084228516,9,8
207,91760,6.190483093261719,9,9
208,93118,6.285087585449219,9,10
209,94658,6.392253875732422,9,11
210,93124,6.2854766845703125,9,12
211,91760,6.190460205078125,9,13
212,91792,6.192710876464844,9,14
213,91812,6.194126129150391,9,15
214,91796,6.1929779052734375,9,16
215,91758,6.190349578857422,9,17
216,91792,6.1926422119140625,9,18
217,91788,6.192420959472656,9,19
218,91742,6.1892242431640625,9,20
219,91750,6.189815521240234,9,21
220,89156,6.009174346923828,10,0
221,91738,6.188945770263672,10,1
222,91672,6.184379577636719,10,2
223,91748,6.189659118652344,10,3
224,91750,6.189746856689453,10,4
225,91708,6.186840057373047,10,5
226,91750,6.1898040771484375,10,6
227,91864,6.197723388671875,10,7
228,91898,6.200107574462891,10,8
229,91834,6.195606231689453,10,9
230,93100,6.283805847167969,10,10
231,94662,6.3925323486328125,10,11
232,93156,6.287693023681641,10,12
233,91720,6.1876983642578125,10,13
234,91790,6.192588806152344,10,14
235,91838,6.195976257324219,10,15
236,91814,6.194282531738281,10,16
237,91756,6.1902618408203125,10,17
238,91772,6.191307067871094,10,18
239,91782,6.1920318603515625,10,19
240,91750,6.189781188964844,10,20
241,91770,6.191196441650391,10,21
242,87530,5.896015167236328,11,0
243,90122,6.076465606689453,11,1
244,90128,6.076877593994141,11,2
245,90242,6.084819793701172,11,3
246,90234,6.0842742919921875,11,4
247,90120,6.076320648193359,11,5
248,90104,6.075206756591797,11,6
249,90190,6.081165313720703,11,7
250,90254,6.08563232421875,11,8
251,90196,6.081577301025391,11,9
252,91518,6.173675537109375,11,10
253,93032,6.279048919677734,11,11
254,91516,6.1735076904296875,11,12
255,90160,6.079093933105469,11,13
256,90206,6.0822906494140625,11,14
257,90256,6.0858001708984375,11,15
258,90268,6.086601257324219,11,16
259,90228,6.083885192871094,11,17
260,90218,6.083126068115234,11,18
261,90174,6.080108642578125,11,19
262,90120,6.076320648193359,11,20
263,90136,6.077480316162109,11,21
264,87574,5.899078369140625,12,0
265,90106,6.075340270996094,12,1
266,90096,6.0746612548828125,12,2
267,90184,6.080776214599609,12,3
268,90200,6.081890106201172,12,4
269,90150,6.078403472900391,12,5
270,90204,6.082202911376953,12,6
271,90274,6.0870361328125,12,7
272,90264,6.086357116699219,12,8
273,90196,6.081600189208984,12,9
274,91514,6.1733856201171875,12,10
275,93146,6.286979675292969,12,11
276,91676,6.184623718261719,12,12
277,90194,6.0814666748046875,12,13
278,90180,6.080486297607422,12,14
279,90184,6.080810546875,12,15
280,90108,6.075439453125,12,16
281,90048,6.071342468261719,12,17
282,90108,6.075428009033203,12,18
283,90150,6.078392028808594,12,19
284,90164,6.0793609619140625,12,20
285,90176,6.080242156982422,12,21
286,89366,6.023811340332031,13,0
287,91974,6.205375671386719,13,1
288,91888,6.199405670166016,13,2
289,91942,6.203159332275391,13,3
290,91984,6.206111907958984,13,4
291,91926,6.202068328857422,13,5
292,91918,6.201534271240234,13,6
293,91974,6.205364227294922,13,7
294,91964,6.204685211181641,13,8
295,91896,6.199962615966797,13,9
296,93212,6.291637420654297,13,10
297,94686,6.394248962402344,13,11
298,93148,6.287136077880859,13,12
299,91800,6.193267822265625,13,13
300,91874,6.19842529296875,13,14
301,91952,6.203929901123047,13,15
302,91902,6.2003631591796875,13,16
303,91852,6.196933746337891,13,17
304,91874,6.198390960693359,13,18
305,91874,6.19842529296875,13,19
306,91868,6.197990417480469,13,20
307,91884,6.199092864990234,13,21
308,89228,6.014232635498047,14,0
309,91852,6.196887969970703,14,1
310,91806,6.193714141845703,14,2
311,91884,6.199104309082031,14,3
312,91902,6.200374603271484,14,4
313,91788,6.192420959472656,14,5
314,91782,6.192043304443359,14,6
315,91842,6.196140289306641,14,7
316,91874,6.1983795166015625,14,8
317,91866,6.197834014892578,14,9
318,93182,6.289508819580078,14,10
319,94794,6.4017333984375,14,11
320,93332,6.299922943115234,14,12
321,91884,6.199115753173828,14,13
322,91906,6.200653076171875,14,14
323,91934,6.202659606933594,14,15
324,91852,6.196876525878906,14,16
325,91810,6.1940155029296875,14,17
326,91870,6.1981353759765625,14,18
327,91872,6.198337554931641,14,19
328,91856,6.197200775146484,14,20
329,91866,6.1978912353515625,14,21
330,87658,5.904949188232422,15,0
331,90126,6.076744079589844,15,1
332,90082,6.073692321777344,15,2
333,90180,6.080509185791016,15,3
334,90220,6.083305358886719,15,4
335,90176,6.080219268798828,15,5
336,90230,6.083995819091797,15,6
337,90318,6.090076446533203,15,7
338,90316,6.0899658203125,15,8
339,90236,6.084384918212891,15,9
340,91564,6.176872253417969,15,10
341,93090,6.2830810546875,15,11
342,91584,6.178230285644531,15,12
343,90198,6.081722259521484,15,13
344,90230,6.083950042724609,15,14
345,90292,6.088329315185547,15,15
346,90274,6.087024688720703,15,16
347,90244,6.085010528564453,15,17
348,90294,6.088382720947266,15,18
349,90328,6.090789794921875,15,19
350,90332,6.091045379638672,15,20
351,90338,6.091514587402344,15,21
352,87556,5.897796630859375,16,0
353,90192,6.081310272216797,16,1
354,90192,6.0813446044921875,16,2
355,90228,6.083850860595703,16,3
356,90214,6.0828704833984375,16,4
357,90168,6.07965087890625,16,5
358,90200,6.081912994384766,16,6
359,90284,6.087703704833984,16,7
360,90282,6.087604522705078,16,8
361,90244,6.084941864013672,16,9
362,91578,6.177886962890625,16,10
363,93150,6.287281036376953,16,11
364,91638,6.182018280029297,16,12
365,90204,6.0821685791015625,16,13
366,90296,6.08856201171875,16,14
367,90358,6.092929840087891,16,15
368,90286,6.087848663330078,16,16
369,90192,6.081378936767578,16,17
370,90194,6.0814208984375,16,18
371,90178,6.080364227294922,16,19
372,90090,6.074192047119141,16,20
373,90052,6.071575164794922,16,21
374,89302,6.019355773925781,17,0
375,91940,6.2030029296875,17,1
376,91948,6.203571319580078,17,2
377,92004,6.207435607910156,17,3
378,92010,6.207881927490234,17,4
379,91928,6.202190399169922,17,5
380,91874,6.1984710693359375,17,6
381,91972,6.205207824707031,17,7
382,92016,6.208316802978516,17,8
383,91996,6.206912994384766,17,9
384,93358,6.301795959472656,17,10
385,94848,6.405452728271484,17,11
386,93274,6.295890808105469,17,12
387,91876,6.198570251464844,17,13
388,91886,6.199283599853516,17,14
389,91906,6.200721740722656,17,15
390,91874,6.198402404785156,17,16
391,91876,6.198627471923828,17,17
392,91938,6.202869415283203,17,18
393,91946,6.203495025634766,17,19
394,91902,6.200374603271484,17,20
395,91888,6.1994171142578125,17,21
396,89290,6.0185546875,18,0
397,91924,6.201946258544922,18,1
398,91900,6.200275421142578,18,2
399,91924,6.201923370361328,18,3
400,91920,6.201633453369141,18,4
401,91872,6.198280334472656,18,5
402,91876,6.198581695556641,18,6
403,91986,6.2061767578125,18,7
404,91976,6.2055206298828125,18,8
405,91896,6.199928283691406,18,9
406,93176,6.2891082763671875,18,10
407,94746,6.398334503173828,18,11
408,93280,6.296257019042969,18,12
409,91890,6.199527740478516,18,13
410,91976,6.205532073974609,18,14
411,92030,6.209342956542969,18,15
412,91984,6.2060546875,18,16
413,91932,6.2025146484375,18,17
414,91960,6.204372406005859,18,18
415,91940,6.2030487060546875,18,19
416,91872,6.198268890380859,18,20
417,91882,6.199005126953125,18,21
418,87690,5.907142639160156,19,0
419,90276,6.087169647216797,19,1
420,90264,6.086334228515625,19,2
421,90276,6.0872039794921875,19,3
422,90240,6.084709167480469,19,4
423,90138,6.077602386474609,19,5
424,90134,6.077335357666016,19,6
425,90234,6.084239959716797,19,7
426,90256,6.085788726806641,19,8
427,90262,6.086200714111328,19,9
428,91690,6.185649871826172,19,10
429,93184,6.289619445800781,19,11
430,91616,6.18048095703125,19,12
431,90234,6.084251403808594,19,13
432,90302,6.088962554931641,19,14
433,90368,6.093597412109375,19,15
434,90316,6.089908599853516,19,16
435,90264,6.0863800048828125,19,17
436,90300,6.08880615234375,19,18
437,90310,6.089565277099609,19,19
438,90272,6.086891174316406,19,20
439,90276,6.0872039794921875,19,21
440,87604,5.901149749755859,20,0
441,90132,6.077144622802734,20,1
442,90074,6.073101043701172,20,2
443,90140,6.0777130126953125,20,3
444,90198,6.081733703613281,20,4
445,90186,6.080898284912109,20,5
446,90210,6.082614898681641,20,6
447,90244,6.084941864013672,20,7
448,90238,6.084541320800781,20,8
449,90222,6.083381652832031,20,9
450,91566,6.1770172119140625,20,10
451,93128,6.285709381103516,20,11
452,91606,6.179767608642578,20,12
453,90198,6.081733703613281,20,13
454,90252,6.085533142089844,20,14
455,90278,6.087360382080078,20,15
456,90198,6.081733703613281,20,16
457,90170,6.079841613769531,20,17
458,90274,6.0869903564453125,20,18
459,90280,6.087471008300781,20,19
460,90212,6.082714080810547,20,20
461,90156,6.078838348388672,20,21
462,89344,6.022308349609375,21,0
463,91958,6.204296112060547,21,1
464,91870,6.1981353759765625,21,2
465,91912,6.201087951660156,21,3
466,91912,6.201087951660156,21,4
467,91864,6.197734832763672,21,5
468,91878,6.198680877685547,21,6
469,91938,6.202823638916016,21,7
470,91958,6.204250335693359,21,8
471,91908,6.200775146484375,21,9
472,93242,6.293708801269531,21,10
473,94764,6.399616241455078,21,11
474,93262,6.295078277587891,21,12
475,91934,6.2025909423828125,21,13
476,91976,6.205532073974609,21,14
477,91996,6.206935882568359,21,15
478,91922,6.201755523681641,21,16
479,91850,6.1968231201171875,21,17
480,91874,6.198448181152344,21,18
481,91840,6.196109771728516,21,19
482,91818,6.1945037841796875,21,20
483,91836,6.195808410644531,21,21
484,89282,6.017974853515625,22,0
485,91870,6.198169708251953,22,1
486,91798,6.193134307861328,22,2
487,91890,6.199562072753906,22,3
488,91916,6.201377868652344,22,4
489,91868,6.198047637939453,22,5
490,91876,6.198581695556641,22,6
491,91920,6.201622009277344,22,7
492,91930,6.202335357666016,22,8
493,91886,6.199249267578125,22,9
494,93204,6.291046142578125,22,10
495,94780,6.40069580078125,22,11
496,93272,6.295734405517578,22,12
497,91816,6.1943817138671875,22,13
498,91844,6.196342468261719,22,14
499,91882,6.198982238769531,22,15
500,91872,6.198234558105469,22,16
501,91860,6.197490692138672,22,17
502,91958,6.204250335693359,22,18
503,91968,6.204998016357422,22,19
504,91932,6.202434539794922,22,20
505,91900,6.200252532958984,22,21
506,87694,5.907421112060547,23,0
507,90280,6.087459564208984,23,1
508,90208,6.082447052001953,23,2
509,90252,6.085521697998047,23,3
510,90268,6.086635589599609,23,4
511,90268,6.0866241455078125,23,5
512,90270,6.086780548095703,23,6
513,90282,6.087604522705078,23,7
514,90240,6.084697723388672,23,8
515,90166,6.07952880859375,23,9
516,91548,6.175792694091797,23,10
517,93068,6.28155517578125,23,11
518,91548,6.175769805908203,23,12
519,90244,6.084941864013672,23,13
520,90346,6.092037200927734,23,14
521,90392,6.0952911376953125,23,15
522,90312,6.089664459228516,23,16
523,90254,6.0856781005859375,23,17
524,90334,6.091156005859375,23,18
525,90368,6.093574523925781,23,19
526,90336,6.091312408447266,23,20
527,90294,6.08843994140625,23,21
528,87546,5.897106170654297,24,0
529,90086,6.073947906494141,24,1
530,89988,6.067131042480469,24,2
531,90028,6.069915771484375,24,3
532,90056,6.071865081787109,24,4
533,90008,6.068500518798828,24,5
534,90020,6.069347381591797,24,6
535,90112,6.075717926025391,24,7
536,90178,6.080341339111328,24,8
537,90182,6.080608367919922,24,9
538,91488,6.171592712402344,24,10
539,93018,6.2780914306640625,24,11
540,91512,6.1732177734375,24,12
541,90112,6.075752258300781,24,13
542,90134,6.077301025390625,24,14
543,90138,6.077602386474609,24,15
544,90060,6.072120666503906,24,16
545,90058,6.072055816650391,24,17
546,90128,6.076854705810547,24,18
547,90086,6.0739593505859375,24,19
548,90028,6.069915771484375,24,20
549,90050,6.071453094482422,24,21
550,89178,6.010791778564453,25,0
551,91802,6.193447113037109,25,1
552,91736,6.188812255859375,25,2
553,91806,6.193714141845703,25,3
554,91856,6.197212219238281,25,4
555,91778,6.191764831542969,25,5
556,91746,6.189537048339844,25,6
557,91776,6.191585540771484,25,7
558,91782,6.192008972167969,25,8
559,91778,6.191730499267578,25,9
560,93134,6.2861328125,25,10
561,94624,6.3898468017578125,25,11
562,93086,6.282779693603516,25,12
563,91710,6.187007904052734,25,13
564,91748,6.189624786376953,25,14
565,91812,6.1941375732421875,25,15
566,91782,6.192008972167969,25,16
567,91784,6.192222595214844,25,17
568,91834,6.195606231689453,25,18
569,91806,6.193691253662109,25,19
570,91740,6.1891021728515625,25,20
571,91698,6.186206817626953,25,21
572,89168,6.0100555419921875,26,0
573,91826,6.1950836181640625,26,1
574,91752,6.1899261474609375,26,2
575,91776,6.191619873046875,26,3
576,91788,6.192455291748047,26,4
577,91690,6.185604095458984,26,5
578,91694,6.185905456542969,26,6
579,91782,6.192020416259766,26,7
580,91810,6.1940155029296875,26,8
581,91780,6.1919097900390625,26,9
582,93066,6.281444549560547,26,10
583,94610,6.388923645019531,26,11
584,93124,6.285442352294922,26,12
585,91720,6.187709808349609,26,13
586,91780,6.191864013671875,26,14
587,91812,6.1941375732421875,26,15
588,91722,6.187808990478516,26,16
589,91686,6.185394287109375,26,17
590,91724,6.187908172607422,26,18
591,91718,6.187519073486328,26,19
592,91714,6.187252044677734,26,20
593,91738,6.188968658447266,26,21
594,87626,5.902687072753906,27,0
595,90190,6.081165313720703,27,1
596,90120,6.076297760009766,27,2
597,90158,6.078971862792969,27,3
598,90198,6.081768035888672,27,4
599,90144,6.0780029296875,27,5
600,90120,6.07635498046875,27,6
601,90166,6.079494476318359,27,7
602,90206,6.0822906494140625,27,8
603,90218,6.083103179931641,27,9
604,91546,6.175636291503906,27,10
605,92976,6.275173187255859,27,11
606,91398,6.165309906005859,27,12
607,90032,6.0702056884765625,27,13
608,90106,6.075340270996094,27,14
609,90166,6.079551696777344,27,15
610,90150,6.078392028808594,27,16
611,90194,6.081523895263672,27,17
612,90298,6.088672637939453,27,18
613,90284,6.087760925292969,27,19
614,90206,6.082302093505859,27,20
615,90196,6.081611633300781,27,21
616,87674,5.906063079833984,28,0
617,90210,6.082603454589844,28,1
618,90146,6.078159332275391,28,2
619,90246,6.085109710693359,28,3
620,90292,6.088306427001953,28,4
621,90220,6.083271026611328,28,5
622,90190,6.081211090087891,28,6
623,90272,6.086856842041016,28,7
624,90296,6.088584899902344,28,8
625,90214,6.08282470703125,28,9
626,91502,6.172538757324219,28,10
627,93110,6.284450531005859,28,11
628,91664,6.18377685546875,28,12
629,90308,6.089408874511719,28,13
630,90348,6.092205047607422,28,14
631,90338,6.0915374755859375,28,15
632,90286,6.087848663330078,28,16
633,90240,6.084720611572266,28,17
634,90272,6.086856842041016,28,18
635,90242,6.084819793701172,28,19
636,90186,6.080909729003906,28,20
637,90206,6.082359313964844,28,21
638,89442,6.029102325439453,29,0
639,92046,6.21038818359375,29,1
640,91970,6.205131530761719,29,2
641,92002,6.2073822021484375,29,3
642,91992,6.206703186035156,29,4
643,91936,6.2027587890625,29,5
644,91934,6.20263671875,29,6
645,92024,6.2088623046875,29,7
646,92058,6.211280822753906,29,8
647,91982,6.205955505371094,29,9
648,93310,6.298431396484375,29,10
649,94824,6.403804779052734,29,11
650,93268,6.295478820800781,29,12
651,91956,6.204128265380859,29,13
652,92010,6.20782470703125,29,14
653,92026,6.209007263183594,29,15
654,91956,6.204105377197266,29,16
655,91908,6.200855255126953,29,17
656,91984,6.206031799316406,29,18
657,92020,6.208606719970703,29,19
658,91994,6.206779479980469,29,20
659,92012,6.208072662353516,29,21
660,89258,6.016269683837891,30,0
661,91910,6.200874328613281,30,1
662,91908,6.200786590576172,30,2
663,92002,6.207359313964844,30,3
664,92034,6.209587097167969,30,4
665,91986,6.206199645996094,30,5
666,91980,6.205821990966797,30,6
667,92026,6.208984375,30,7
668,92010,6.207916259765625,30,8
669,91926,6.202022552490234,30,9
670,93234,6.293140411376953,30,10
671,94834,6.404518127441406,30,11
672,93332,6.299957275390625,30,12
673,91962,6.204597473144531,30,13
674,91986,6.206233978271484,30,14
675,92002,6.2073822021484375,30,15
676,91958,6.204250335693359,30,16
677,91926,6.2021026611328125,30,17
678,91998,6.206989288330078,30,18
679,91984,6.206077575683594,30,19
680,91886,6.199237823486328,30,20
681,91876,6.198581695556641,30,21
682,87814,5.915775299072266,31,0
683,90330,6.090934753417969,31,1
684,90240,6.084674835205078,31,2
685,90300,6.0888519287109375,31,3
686,90340,6.091636657714844,31,4
687,90288,6.087993621826172,31,5
688,90270,6.086769104003906,31,6
689,90342,6.091747283935547,31,7
690,90388,6.094989776611328,31,8
691,90330,6.090934753417969,31,9
692,91656,6.183300018310547,31,10
693,93144,6.286846160888672,31,11
694,91640,6.182140350341797,31,12
695,90350,6.092327117919922,31,13
696,90356,6.0927276611328125,31,14
697,90326,6.090702056884766,31,15
698,90236,6.0843963623046875,31,16
699,90204,6.082237243652344,31,17
700,90274,6.087013244628906,31,18
701,90290,6.088172912597656,31,19
702,90290,6.0881500244140625,31,20
703,90388,6.094989776611328,31,21
704,87708,5.908390045166016,32,0
705,90232,6.084117889404297,32,1
706,90202,6.0820465087890625,32,2
707,90288,6.088062286376953,32,3
708,90298,6.0887298583984375,32,4
709,90208,6.08245849609375,32,5
710,90202,6.082035064697266,32,6
711,90330,6.090911865234375,32,7
712,90382,6.094554901123047,32,8
713,90318,6.090087890625,32,9
714,91574,6.177574157714844,32,10
715,93138,6.2864227294921875,32,11
716,91658,6.183376312255859,32,12
717,90196,6.0815887451171875,32,13
718,90190,6.081165313720703,32,14
719,90246,6.085109710693359,32,15
720,90254,6.085620880126953,32,16
721,90262,6.0862579345703125,32,17
722,90276,6.087146759033203,32,18
723,90246,6.0850982666015625,32,19
724,90216,6.082981109619141,32,20
725,90236,6.084407806396484,32,21
726,89404,6.026462554931641,33,0
727,92038,6.209842681884766,33,1
728,91998,6.207057952880859,33,2
729,92050,6.210700988769531,33,3
730,92048,6.210544586181641,33,4
731,91964,6.2046966552734375,33,5
732,91944,6.203327178955078,33,6
733,91988,6.206401824951172,33,7
734,91974,6.205432891845703,33,8
735,91934,6.202613830566406,33,9
736,93274,6.295936584472656,33,10
737,94840,6.404918670654297,33,11
738,93328,6.299678802490234,33,12
739,91944,6.203281402587891,33,13
740,91982,6.2059326171875,33,14
741,92004,6.2075042724609375,33,15
742,91966,6.204807281494141,33,16
743,91956,6.204151153564453,33,17
744,91976,6.205440521240234,33,18
745,91986,6.206211090087891,33,19
746,91938,6.202869415283203,33,20
747,91914,6.20123291015625,33,21
748,89330,6.021282196044922,34,0
749,91946,6.203426361083984,34,1
750,91886,6.199260711669922,34,2
751,91924,6.201911926269531,34,3
752,91920,6.20159912109375,34,4
753,91874,6.198390960693359,34,5
754,91926,6.202045440673828,34,6
755,92044,6.210254669189453,34,7
756,92078,6.212650299072266,34,8
757,92016,6.208282470703125,34,9
758,93286,6.296772003173828,34,10
759,94864,6.406589508056641,34,11
760,93352,6.301338195800781,34,12
761,91900,6.200229644775391,34,13
762,91954,6.204006195068359,34,14
763,92006,6.207683563232422,34,15
764,91976,6.205554962158203,34,16
765,91950,6.203773498535156,34,17
766,91952,6.203826904296875,34,18
767,91966,6.204841613769531,34,19
768,91930,6.202312469482422,34,20
769,91926,6.202056884765625,34,21
770,87666,5.905483245849609,35,0
771,90258,6.085933685302734,35,1
772,90248,6.085231781005859,35,2
773,90352,6.092472076416016,35,3
774,90372,6.093875885009766,35,4
775,90282,6.087615966796875,35,5
776,90246,6.0850982666015625,35,6
777,90336,6.0913238525390625,35,7
778,90378,6.094264984130859,35,8
779,90326,6.0906219482421875,35,9
780,91654,6.183132171630859,35,10
781,93168,6.288505554199219,35,11
782,91654,6.1831207275390625,35,12
783,90296,6.08856201171875,35,13
784,90348,6.092170715332031,35,14
785,90386,6.094844818115234,35,15
786,90372,6.093841552734375,35,16
787,90362,6.093219757080078,35,17
788,90358,6.092872619628906,35,18
789,90318,6.090145111083984,35,19
790,90242,6.084831237792969,35,20
791,90246,6.085132598876953,35,21
792,87780,5.913402557373047,36,0
793,90298,6.08868408203125,36,1
794,90300,6.088817596435547,36,2
795,90406,6.096202850341797,36,3
796,90418,6.097026824951172,36,4
797,90370,6.093685150146484,36,5
798,90422,6.097328186035156,36,6
799,90522,6.104255676269531,36,7
800,90514,6.103721618652344,36,8
801,90434,6.098140716552734,36,9
802,91782,6.192020416259766,36,10
803,93392,6.304065704345703,36,11
804,91920,6.201587677001953,36,12
805,90454,6.099544525146484,36,13
806,90440,6.098575592041016,36,14
807,90442,6.0987548828125,36,15
808,90342,6.09173583984375,36,16
809,90272,6.0869140625,36,17
810,90324,6.090442657470703,36,18
811,90362,6.093116760253906,36,19
812,90382,6.0944976806640625,36,20
813,90380,6.094409942626953,36,21
814,89650,6.043525695800781,37,0
815,92242,6.223976135253906,37,1
816,92170,6.218986511230469,37,2
817,92226,6.222896575927734,37,3
818,92252,6.224712371826172,37,4
819,92188,6.220268249511719,37,5
820,92208,6.221683502197266,37,6
821,92302,6.228187561035156,37,7
822,92294,6.227630615234375,37,8
823,92206,6.221504211425781,37,9
824,93542,6.314571380615234,37,10
825,94992,6.4155120849609375,37,11
826,93444,6.3077545166015625,37,12
827,92104,6.214420318603516,37,13
828,92190,6.220401763916016,37,14
829,92260,6.225337982177734,37,15
830,92214,6.222072601318359,37,16
831,92192,6.220569610595703,37,17
832,92226,6.222862243652344,37,18
833,92218,6.222316741943359,37,19
834,92204,6.221336364746094,37,20
835,92186,6.2200775146484375,37,21
836,89538,6.035785675048828,38,0
837,92142,6.217048645019531,38,1
838,92094,6.213718414306641,38,2
839,92152,6.217750549316406,38,3
840,92154,6.217872619628906,38,4
841,92062,6.211479187011719,38,5
842,92074,6.212348937988281,38,6
843,92174,6.2192535400390625,38,7
844,92204,6.221336364746094,38,8
845,92160,6.218273162841797,38,9
846,93496,6.311363220214844,38,10
847,95076,6.421337127685547,38,11
848,93612,6.319393157958984,38,12
849,92182,6.219821929931641,38,13
850,92226,6.222896575927734,38,14
851,92252,6.224769592285156,38,15
852,92174,6.219287872314453,38,16
853,92148,6.217517852783203,38,17
854,92210,6.221759796142578,38,18
855,92230,6.223186492919922,38,19
856,92208,6.221660614013672,38,20
857,92174,6.219287872314453,38,21
858,87876,5.920097351074219,39,0
859,90366,6.093441009521484,39,1
860,90326,6.090667724609375,39,2
861,90416,6.0969390869140625,39,3
862,90430,6.097896575927734,39,4
863,90386,6.0948333740234375,39,5
864,90442,6.098720550537109,39,6
865,90554,6.106472015380859,39,7
866,90562,6.107074737548828,39,8
867,90458,6.099822998046875,39,9
868,91820,6.194671630859375,39,10
869,93326,6.299476623535156,39,11
870,91822,6.194770812988281,39,12
871,90434,6.098106384277344,39,13
872,90468,6.100490570068359,39,14
873,90538,6.105438232421875,39,15
874,90518,6.1039886474609375,39,16
875,90498,6.102664947509766,39,17
876,90536,6.105213165283203,39,18
877,90570,6.107597351074219,39,19
878,90570,6.107597351074219,39,20
879,90534,6.105136871337891,39,21
880,87724,5.909515380859375,40,0
881,90384,6.0947113037109375,40,1
882,90384,6.094734191894531,40,2
883,90432,6.098087310791016,40,3
884,90378,6.094310760498047,40,4
885,90316,6.089988708496094,40,5
886,90350,6.092372894287109,40,6
887,90444,6.098876953125,40,7
888,90464,6.100315093994141,40,8
889,90418,6.097072601318359,40,9
890,91760,6.190574645996094,40,10
891,93310,6.298465728759766,40,11
892,91810,6.194026947021484,40,12
893,90388,6.095012664794922,40,13
894,90480,6.101406097412109,40,14
895,90560,6.1070098876953125,40,15
896,90498,6.102642059326172,40,16
897,90406,6.096305847167969,40,17
898,90402,6.095924377441406,40,18
899,90352,6.092494964599609,40,19
900,90248,6.0852203369140625,40,20
901,90202,6.082035064697266,40,21
902,89582,6.0388946533203125,41,0
903,92216,6.222263336181641,41,1
904,92214,6.22210693359375,41,2
905,92260,6.22528076171875,41,3
906,92212,6.221961975097656,41,4
907,92122,6.215736389160156,41,5
908,92102,6.214366912841797,41,6
909,92198,6.220981597900391,41,7
910,92274,6.226318359375,41,8
911,92238,6.2238006591796875,41,9
912,93604,6.318950653076172,41,10
913,95076,6.421382904052734,41,11
914,93506,6.312076568603516,41,12
915,92132,6.216426849365234,41,13
916,92144,6.21728515625,41,14
917,92170,6.219135284423828,41,15
918,92134,6.216560363769531,41,16
919,92120,6.215648651123047,41,17
920,92216,6.222240447998047,41,18
921,92220,6.222599029541016,41,19
922,92170,6.219066619873047,41,20
923,92154,6.217952728271484,41,21
924,89508,6.033782958984375,42,0
925,92132,6.216472625732422,42,1
926,92112,6.215068817138672,42,2
927,92152,6.217830657958984,42,3
928,92138,6.216838836669922,42,4
929,92096,6.213920593261719,42,5
930,92104,6.2144775390625,42,6
931,92192,6.220558166503906,42,7
932,92230,6.223243713378906,42,8
933,92128,6.216114044189453,42,9
934,93398,6.3045806884765625,42,10
935,94954,6.412860870361328,42,11
936,93486,6.310626983642578,42,12
937,92136,6.216682434082031,42,13
938,92206,6.221595764160156,42,14
939,92272,6.226230621337891,42,15
940,92242,6.224056243896484,42,16
941,92194,6.220794677734375,42,17
942,92254,6.2248687744140625,42,18
943,92198,6.221038818359375,42,19
944,92120,6.215568542480469,42,20
945,92110,6.214900970458984,42,21
946,87862,5.919139862060547,43,0
947,90444,6.098876953125,43,1
948,90444,6.098888397216797,43,2
949,90470,6.100727081298828,43,3
950,90416,6.096961975097656,43,4
951,90308,6.089454650878906,43,5
952,90316,6.0900115966796875,43,6
953,90426,6.097629547119141,43,7
954,90470,6.100715637207031,43,8
955,90440,6.098609924316406,43,9
956,91852,6.196933746337891,43,10
957,93356,6.301616668701172,43,11
958,91810,6.193992614746094,43,12
959,90454,6.099590301513672,43,13
960,90484,6.101661682128906,43,14
961,90550,6.106296539306641,43,15
962,90504,6.103031158447266,43,16
963,90434,6.098243713378906,43,17
964,90478,6.101215362548828,43,18
965,90484,6.101696014404297,43,19
966,90456,6.099723815917969,43,20
967,90470,6.100727081298828,43,21
968,87608,5.90142822265625,44,0
969,90150,6.078392028808594,44,1
970,90080,6.073513031005859,44,2
971,90192,6.081298828125,44,3
972,90254,6.085620880126953,44,4
973,90254,6.085643768310547,44,5
974,90254,6.085655212402344,44,6
975,90284,6.087726593017578,44,7
976,90272,6.086902618408203,44,8
977,90222,6.083393096923828,44,9
978,91592,6.178810119628906,44,10
979,93162,6.288082122802734,44,11
980,91690,6.185615539550781,44,12
981,90242,6.084831237792969,44,13
982,90246,6.085121154785156,44,14
983,90250,6.0854339599609375,44,15
984,90234,6.084239959716797,44,16
985,90250,6.085422515869141,44,17
986,90324,6.090476989746094,44,18
987,90332,6.0910797119140625,44,19
988,90246,6.085086822509766,44,20
989,90190,6.081199645996094,44,21
990,89392,6.0256500244140625,45,0
991,92002,6.207347869873047,45,1
992,91882,6.198993682861328,45,2
993,91968,6.204963684082031,45,3
994,91950,6.203727722167969,45,4
995,91944,6.203304290771484,45,5
996,91968,6.2049407958984375,45,6
997,92012,6.207981109619141,45,7
998,92000,6.207180023193359,45,8
999,91906,6.200641632080078,45,9
1000,93288,6.296905517578125,45,10
1001,94828,6.404094696044922,45,11
1002,93366,6.302318572998047,45,12
1003,91972,6.205253601074219,45,13
1004,92026,6.208984375,45,14
1005,92020,6.208606719970703,45,15
1006,91966,6.204795837402344,45,16
1007,91896,6.200031280517578,45,17
1008,91910,6.2009429931640625,45,18
1009,91916,6.201377868652344,45,19
1010,91884,6.199127197265625,45,20
1011,91938,6.202915191650391,45,21
1012,89324,6.020893096923828,46,0
1013,91918,6.201499938964844,46,1
1014,91816,6.194404602050781,46,2
1015,91918,6.201511383056641,46,3
1016,91916,6.2014007568359375,46,4
1017,91910,6.20098876953125,46,5
1018,91934,6.202625274658203,46,6
1019,91986,6.2062225341796875,46,7
1020,92004,6.207492828369141,46,8
1021,91906,6.200641632080078,46,9
1022,93244,6.293819427490234,46,10
1023,94802,6.402256011962891,46,11
1024,93328,6.29962158203125,46,12
1025,91856,6.197166442871094,46,13
1026,91904,6.200496673583984,46,14
1027,91934,6.202602386474609,46,15
1028,91932,6.202400207519531,46,16
1029,91934,6.202648162841797,46,17
1030,91996,6.206901550292969,46,18
1031,92024,6.208873748779297,46,19
1032,91964,6.204673767089844,46,20
1033,91980,6.205821990966797,46,21
1034,87698,5.907711029052734,47,0
1035,90298,6.088718414306641,47,1
1036,90224,6.083560943603516,47,2
1037,90302,6.088985443115234,47,3
1038,90298,6.088706970214844,47,4
1039,90288,6.088005065917969,47,5
1040,90284,6.087738037109375,47,6
1041,90300,6.088863372802734,47,7
1042,90270,6.086780548095703,47,8
1043,90188,6.081066131591797,47,9
1044,91588,6.178565979003906,47,10
1045,93104,6.2840728759765625,47,11
1046,91606,6.179790496826172,47,12
1047,90280,6.0874481201171875,47,13
1048,90380,6.094387054443359,47,14
1049,90418,6.097095489501953,47,15
1050,90364,6.093284606933594,47,16
1051,90316,6.0900115966796875,47,17
1052,90352,6.092426300048828,47,18
1053,90376,6.094120025634766,47,19
1054,90324,6.090476989746094,47,20
1055,90318,6.090110778808594,47,21
1056,87634,5.903232574462891,48,0
1057,90146,6.078125,48,1
1058,90092,6.074371337890625,48,2
1059,90160,6.0791168212890625,48,3
1060,90148,6.078258514404297,48,4
1061,90100,6.074916839599609,48,5
1062,90088,6.074069976806641,48,6
1063,90228,6.083793640136719,48,7
1064,90282,6.087581634521484,48,8
1065,90298,6.088706970214844,48,9
1066,91584,6.178276062011719,48,10
1067,93108,6.284351348876953,48,11
1068,91604,6.179634094238281,48,12
1069,90182,6.080631256103516,48,13
1070,90248,6.085208892822266,48,14
1071,90268,6.086647033691406,48,15
1072,90210,6.082569122314453,48,16
1073,90132,6.077236175537109,48,17
1074,90186,6.080909729003906,48,18
1075,90172,6.0799407958984375,48,19
1076,90134,6.077278137207031,48,20
1077,90184,6.080776214599609,48,21
1078,89340,6.022064208984375,49,0
1079,91942,6.203182220458984,49,1
1080,91882,6.198993682861328,49,2
1081,91974,6.205421447753906,49,3
1082,91978,6.2056884765625,49,4
1083,91920,6.201656341552734,49,5
1084,91856,6.1971893310546875,49,6
1085,91964,6.204673767089844,49,7
1086,91940,6.2030029296875,49,8
1087,91936,6.202724456787109,49,9
1088,93254,6.294486999511719,49,10
1089,94724,6.396797180175781,49,11
1090,93210,6.291423797607422,49,12
1091,91842,6.196197509765625,49,13
1092,91928,6.202156066894531,49,14
1093,91982,6.205989837646484,49,15
1094,91968,6.2049407958984375,49,16
1095,91902,6.200420379638672,49,17
1096,91984,6.206043243408203,49,18
1097,91956,6.204128265380859,49,19
1098,91902,6.200386047363281,49,20
1099,91880,6.198905944824219,49,21
1100,89298,6.019100189208984,50,0
1101,91942,6.203159332275391,50,1
1102,91888,6.199405670166016,50,2
1103,91968,6.204986572265625,50,3
1104,91920,6.201633453369141,50,4
1105,91826,6.195095062255859,50,5
1106,91794,6.192867279052734,50,6
1107,91938,6.202880859375,50,7
1108,91944,6.203350067138672,50,8
1109,91924,6.201934814453125,50,9
1110,93192,6.290210723876953,50,10
1111,94732,6.39739990234375,50,11
1112,93266,6.2953338623046875,50,12
1113,91836,6.1957855224609375,50,13
1114,91922,6.201755523681641,50,14
1115,91948,6.203605651855469,50,15
1116,91882,6.198947906494141,50,16
1117,91780,6.191932678222656,50,17
1118,91844,6.196285247802734,50,18
1119,91854,6.196987152099609,50,19
1120,91862,6.1975555419921875,50,20
1121,91906,6.200675964355469,50,21
1122,87710,5.908512115478516,51,0
1123,90260,6.086032867431641,51,1
1124,90206,6.082279205322266,51,2
1125,90284,6.087738037109375,51,3
1126,90290,6.088161468505859,51,4
1127,90230,6.083995819091797,51,5
1128,90196,6.081634521484375,51,6
1129,90290,6.088127136230469,51,7
1130,90310,6.089530944824219,51,8
1131,90316,6.089942932128906,51,9
1132,91630,6.181484222412109,51,10
1133,93066,6.281444549560547,51,11
1134,91496,6.172149658203125,51,12
1135,90126,6.076755523681641,51,13
1136,90224,6.083549499511719,51,14
1137,90272,6.086936950683594,51,15
1138,90264,6.086322784423828,51,16
1139,90270,6.0867919921875,51,17
1140,90370,6.0936737060546875,51,18
1141,90368,6.093597412109375,51,19
1142,90314,6.089809417724609,51,20
1143,90312,6.089687347412109,51,21
1144,87528,5.895893096923828,52,0
1145,90094,6.074504852294922,52,1
1146,90040,6.070762634277344,52,2
1147,90120,6.076320648193359,52,3
1148,90136,6.077423095703125,52,4
1149,90086,6.073947906494141,52,5
1150,90084,6.073814392089844,52,6
1151,90166,6.079494476318359,52,7
1152,90150,6.0784149169921875,52,8
1153,90090,6.0742034912109375,52,9
1154,91390,6.164730072021484,52,10
1155,92986,6.275829315185547,52,11
1156,91554,6.176136016845703,52,12
1157,90180,6.080509185791016,52,13
1158,90228,6.083850860595703,52,14
1159,90226,6.083740234375,52,15
1160,90166,6.079505920410156,52,16
1161,90094,6.074562072753906,52,17
1162,90124,6.0765533447265625,52,18
1163,90110,6.075618743896484,52,19
1164,90056,6.071842193603516,52,20
1165,90058,6.072044372558594,52,21
1166,89254,6.0160369873046875,53,0
1167,91888,6.199382781982422,53,1
1168,91822,6.194828033447266,53,2
1169,91832,6.195564270019531,53,3
1170,91810,6.1940155029296875,53,4
1171,91758,6.1903839111328125,53,5
1172,91746,6.189548492431641,53,6
1173,91876,6.198570251464844,53,7
1174,91880,6.198871612548828,53,8
1175,91822,6.194816589355469,53,9
1176,93158,6.287849426269531,53,10
1177,94654,6.391975402832031,53,11
1178,93124,6.285453796386719,53,12
1179,91782,6.191997528076172,53,13
1180,91828,6.195148468017578,53,14
1181,91834,6.195629119873047,53,15
1182,91774,6.1914520263671875,53,16
1183,91722,6.187889099121094,53,17
1184,91820,6.194614410400391,53,18
1185,91870,6.198169708251953,53,19
1186,91848,6.1966094970703125,53,20
1187,91848,6.196643829345703,53,21
1188,89112,6.006111145019531,54,0
1189,91772,6.191272735595703,54,1
1190,91764,6.190761566162109,54,2
1191,91846,6.196510314941406,54,3
1192,91856,6.197177886962891,54,4
1193,91814,6.194248199462891,54,5
1194,91800,6.193279266357422,54,6
1195,91898,6.2000732421875,54,7
1196,91850,6.196788787841797,54,8
1197,91770,6.191162109375,54,9
1198,93070,6.281700134277344,54,10
1199,94642,6.391162872314453,54,11
1200,93184,6.289665222167969,54,12
1201,91798,6.193168640136719,54,13
1202,91840,6.196063995361328,54,14
1203,91850,6.196788787841797,54,15
1204,91798,6.193134307861328,54,16
1205,91740,6.18914794921875,54,17
1206,91820,6.194602966308594,54,18
1207,91824,6.194938659667969,54,19
1208,91760,6.190460205078125,54,20
1209,91744,6.18939208984375,54,21
1210,87662,5.905193328857422,55,0
1211,90214,6.082859039306641,55,1
1212,90150,6.078403472900391,55,2
1213,90188,6.0810546875,55,3
1214,90208,6.082424163818359,55,4
1215,90168,6.079639434814453,55,5
1216,90146,6.078125,55,6
1217,90232,6.084095001220703,55,7
1218,90242,6.084819793701172,55,8
1219,90200,6.081890106201172,55,9
1220,91550,6.175914764404297,55,10
1221,93038,6.279472351074219,55,11
1222,91542,6.175300598144531,55,12
1223,90228,6.083839416503906,55,13
1224,90254,6.08563232421875,55,14
1225,90224,6.083606719970703,55,15
1226,90130,6.077022552490234,55,16
1227,90082,6.073738098144531,55,17
1228,90154,6.078647613525391,55,18
1229,90182,6.080654144287109,55,19
1230,90198,6.081733703613281,55,20
1231,90250,6.08538818359375,55,21
1232,87644,5.903934478759766,56,0
1233,90196,6.081611633300781,56,1
1234,90162,6.079273223876953,56,2
1235,90254,6.085689544677734,56,3
1236,90250,6.085399627685547,56,4
1237,90186,6.0809326171875,56,5
1238,90182,6.0806427001953125,56,6
1239,90284,6.087715148925781,56,7
1240,90304,6.089130401611328,56,8
1241,90210,6.082592010498047,56,9
1242,91516,6.173519134521484,56,10
1243,93084,6.2826690673828125,56,11
1244,91598,6.17919921875,56,12
1245,90110,6.075618743896484,56,13
1246,90140,6.077667236328125,56,14
1247,90186,6.080921173095703,56,15
1248,90212,6.08270263671875,56,16
1249,90230,6.0840301513671875,56,17
1250,90250,6.085353851318359,56,18
1251,90252,6.08551025390625,56,19
1252,90210,6.082557678222656,56,20
1253,90198,6.081768035888672,56,21
1254,89356,6.02313232421875,57,0
1255,92026,6.209007263183594,57,1
1256,91924,6.201911926269531,57,2
1257,91986,6.206233978271484,57,3
1258,91956,6.204128265380859,57,4
1259,91892,6.199672698974609,57,5
1260,91870,6.19818115234375,57,6
1261,91916,6.201389312744141,57,7
1262,91928,6.202201843261719,57,8
1263,91860,6.197467803955078,57,9
1264,93250,6.294277191162109,57,10
1265,94762,6.399494171142578,57,11
1266,93240,6.293540954589844,57,12
1267,91840,6.196063995361328,57,13
1268,91922,6.201732635498047,57,14
1269,91922,6.201801300048828,57,15
1270,91902,6.200351715087891,57,16
1271,91904,6.200519561767578,57,17
1272,91922,6.201686859130859,57,18
1273,91920,6.201610565185547,57,19
1274,91832,6.19549560546875,57,20
1275,91852,6.196910858154297,57,21
1276,89264,6.016716003417969,58,0
1277,91896,6.199939727783203,58,1
1278,91782,6.192020416259766,58,2
1279,91846,6.196475982666016,58,3
1280,91848,6.196586608886719,58,4
1281,91834,6.195594787597656,58,5
1282,91872,6.198280334472656,58,6
1283,91968,6.204975128173828,58,7
1284,92008,6.207759857177734,58,8
1285,91926,6.202022552490234,58,9
1286,93242,6.2936859130859375,58,10
1287,94780,6.4007415771484375,58,11
1288,93274,6.295902252197266,58,12
1289,91802,6.193424224853516,58,13
1290,91898,6.200096130371094,58,14
1291,91914,6.201290130615234,58,15
1292,91900,6.200263977050781,58,16
1293,91892,6.1997528076171875,58,17
1294,91902,6.2003631591796875,58,18
1295,91912,6.201076507568359,58,19
1296,91848,6.196598052978516,58,20
1297,91876,6.198581695556641,58,21
1298,87626,5.902698516845703,59,0
1299,90240,6.084663391113281,59,1
1300,90214,6.082859039306641,59,2
1301,90324,6.090534210205078,59,3
1302,90318,6.090122222900391,59,4
1303,90246,6.0850982666015625,59,5
1304,90206,6.082313537597656,59,6
1305,90288,6.088005065917969,59,7
1306,90336,6.091335296630859,59,8
1307,90262,6.086177825927734,59,9
1308,91606,6.179801940917969,59,10
1309,93110,6.28448486328125,59,11
1310,91602,6.179512023925781,59,12
1311,90228,6.083850860595703,59,13
1312,90316,6.089931488037109,59,14
1313,90342,6.091793060302734,59,15
1314,90340,6.091590881347656,59,16
1315,90334,6.091259002685547,59,17
1316,90312,6.089664459228516,59,18
1317,90258,6.085956573486328,59,19
1318,90194,6.081478118896484,59,20
1319,90230,6.084018707275391,59,21
1320,88012,5.929553985595703,60,0
1321,90570,6.107631683349609,60,1
1322,90544,6.105827331542969,60,2
1323,90614,6.110694885253906,60,3
1324,90614,6.110694885253906,60,4
1325,90568,6.1074981689453125,60,5
1326,90616,6.110862731933594,60,6
1327,90718,6.1179351806640625,60,7
1328,90722,6.118247985839844,60,8
1329,90686,6.115718841552734,60,9
1330,92022,6.208728790283203,60,10
1331,93624,6.320240020751953,60,11
1332,92122,6.215656280517578,60,12
1333,90660,6.113880157470703,60,13
1334,90678,6.115116119384766,60,14
1335,90684,6.1155853271484375,60,15
1336,90598,6.109546661376953,60,16
1337,90504,6.103076934814453,60,17
1338,90556,6.106594085693359,60,18
1339,90592,6.1091461181640625,60,19
1340,90602,6.109836578369141,60,20
1341,90592,6.10919189453125,60,21
1342,89958,6.064945220947266,61,0
1343,92556,6.245841979980469,61,1
1344,92500,6.241977691650391,61,2
1345,92564,6.246433258056641,61,3
1346,92628,6.250911712646484,61,4
1347,92578,6.247413635253906,61,5
1348,92568,6.246734619140625,61,6
1349,92642,6.251834869384766,61,7
1350,92622,6.250476837158203,61,8
1351,92560,6.246177673339844,61,9
1352,93876,6.337841033935547,61,10
1353,95370,6.441822052001953,61,11
1354,93824,6.334163665771484,61,12
1355,92486,6.240985870361328,61,13
1356,92516,6.243080139160156,61,14
1357,92550,6.2454986572265625,61,15
1358,92522,6.243503570556641,61,16
1359,92490,6.241310119628906,61,17
1360,92548,6.245250701904297,61,18
1361,92534,6.244350433349609,61,19
1362,92522,6.243480682373047,61,20
1363,92484,6.240818023681641,61,21
1364,89854,6.057750701904297,62,0
1365,92468,6.239738464355469,62,1
1366,92428,6.236965179443359,62,2
1367,92506,6.242389678955078,62,3
1368,92524,6.2436370849609375,62,4
1369,92428,6.2369537353515625,62,5
1370,92416,6.236118316650391,62,6
1371,92494,6.241497039794922,62,7
1372,92524,6.243614196777344,62,8
1373,92530,6.244037628173828,62,9
1374,93862,6.336814880371094,62,10
1375,95478,6.449306488037109,62,11
1376,94004,6.346660614013672,62,12
1377,92576,6.247245788574219,62,13
1378,92558,6.2459869384765625,62,14
1379,92542,6.2449188232421875,62,15
1380,92460,6.239170074462891,62,16
1381,92436,6.237567901611328,62,17
1382,92526,6.2437591552734375,62,18
1383,92538,6.244686126708984,62,19
1384,92530,6.244083404541016,62,20
1385,92488,6.241142272949219,62,21
1386,88108,5.936260223388672,63,0
1387,90594,6.109336853027344,63,1
1388,90548,6.106128692626953,63,2
1389,90640,6.112522125244141,63,3
1390,90662,6.114036560058594,63,4
1391,90632,6.1119537353515625,63,5
1392,90672,6.114727020263672,63,6
1393,90770,6.12152099609375,63,7
1394,90762,6.121009826660156,63,8
1395,90702,6.116832733154297,63,9
1396,92066,6.211803436279297,63,10
1397,93574,6.316741943359375,63,11
1398,92054,6.210899353027344,63,12
1399,90692,6.116062164306641,63,13
1400,90728,6.118579864501953,63,14
1401,90786,6.122703552246094,63,15
1402,90748,6.120006561279297,63,16
1403,90712,6.1175689697265625,63,17
1404,90774,6.121776580810547,63,18
1405,90794,6.123226165771484,63,19
1406,90786,6.1226348876953125,63,20
1407,90756,6.120586395263672,63,21
1408,87790,5.914093017578125,64,0
1409,90428,6.0977630615234375,64,1
1410,90420,6.09722900390625,64,2
1411,90436,6.0983428955078125,64,3
1412,90428,6.097774505615234,64,4
1413,90412,6.096649169921875,64,5
1414,90450,6.099323272705078,64,6
1415,90520,6.104167938232422,64,7
1416,90508,6.103366851806641,64,8
1417,90482,6.101539611816406,64,9
1418,91822,6.194873809814453,64,10
1419,93390,6.304012298583984,64,11
1420,91900,6.200286865234375,64,12
1421,90452,6.099445343017578,64,13
1422,90548,6.106117248535156,64,14
1423,90586,6.108814239501953,64,15
1424,90496,6.102497100830078,64,16
1425,90408,6.096439361572266,64,17
1426,90432,6.0980072021484375,64,18
1427,90414,6.096805572509766,64,19
1428,90312,6.089664459228516,64,20
1429,90270,6.086757659912109,64,21
1430,89634,6.042514801025391,65,0
1431,92260,6.2253265380859375,65,1
1432,92260,6.22528076171875,65,2
1433,92298,6.227931976318359,65,3
1434,92314,6.229068756103516,65,4
1435,92248,6.224491119384766,65,5
1436,92240,6.223968505859375,65,6
1437,92334,6.230461120605469,65,7
1438,92376,6.2334136962890625,65,8
1439,92348,6.231464385986328,65,9
1440,93706,6.326057434082031,65,10
1441,95188,6.429168701171875,65,11
1442,93624,6.320308685302734,65,12
1443,92214,6.2221527099609375,65,13
1444,92230,6.223289489746094,65,14
1445,92222,6.222755432128906,65,15
1446,92174,6.219310760498047,65,16
1447,92178,6.219657897949219,65,17
1448,92272,6.226127624511719,65,18
1449,92292,6.22760009765625,65,19
1450,92234,6.223499298095703,65,20
1451,92212,6.222007751464844,65,21
1452,89606,6.04058837890625,66,0
1453,92252,6.224826812744141,66,1
1454,92228,6.223121643066406,66,2
1455,92246,6.2243804931640625,66,3
1456,92260,6.225337982177734,66,4
1457,92210,6.221851348876953,66,5
1458,92226,6.222965240478516,66,6
1459,92316,6.229179382324219,66,7
1460,92322,6.229648590087891,66,8
1461,92236,6.223644256591797,66,9
1462,93512,6.312511444091797,66,10
1463,95082,6.421760559082031,66,11
1464,93626,6.320407867431641,66,12
1465,92222,6.222675323486328,66,13
1466,92316,6.229236602783203,66,14
1467,92360,6.2323455810546875,66,15
1468,92320,6.229469299316406,66,16
1469,92276,6.226509094238281,66,17
1470,92318,6.229335784912109,66,18
1471,92278,6.226631164550781,66,19
1472,92192,6.2205810546875,66,20
1473,92194,6.220771789550781,66,21
1474,87958,5.925823211669922,67,0
1475,90560,6.106975555419922,67,1
1476,90546,6.106006622314453,67,2
1477,90522,6.1043701171875,67,3
1478,90464,6.100337982177734,67,4
1479,90368,6.0936431884765625,67,5
1480,90384,6.094757080078125,67,6
1481,90498,6.102642059326172,67,7
1482,90526,6.1046142578125,67,8
1483,90524,6.104480743408203,67,9
1484,91934,6.202671051025391,67,10
1485,93434,6.3070526123046875,67,11
1486,91872,6.198326110839844,67,12
1487,90486,6.101806640625,67,13
1488,90554,6.10650634765625,67,14
1489,90622,6.111297607421875,67,15
1490,90598,6.10955810546875,67,16
1491,90534,6.105205535888672,67,17
1492,90576,6.108055114746094,67,18
1493,90580,6.108402252197266,67,19
1494,90542,6.105705261230469,67,20
1495,90534,6.105194091796875,67,21
1496,87540,5.896694183349609,68,0
1497,90102,6.075050354003906,68,1
1498,90064,6.072399139404297,68,2
1499,90136,6.077411651611328,68,3
1500,90188,6.081031799316406,68,4
1501,90174,6.080074310302734,68,5
1502,90176,6.080230712890625,68,6
1503,90216,6.083003997802734,68,7
1504,90186,6.080909729003906,68,8
1505,90162,6.079227447509766,68,9
1506,91520,6.173797607421875,68,10
1507,93082,6.282512664794922,68,11
1508,91552,6.176013946533203,68,12
1509,90152,6.078559875488281,68,13
1510,90230,6.083995819091797,68,14
1511,90232,6.084163665771484,68,15
1512,90176,6.080207824707031,68,16
1513,90160,6.079151153564453,68,17
1514,90266,6.086433410644531,68,18
1515,90286,6.087882995605469,68,19
1516,90188,6.081031799316406,68,20
1517,90092,6.074382781982422,68,21
1518,89274,6.0174407958984375,69,0
1519,91896,6.199985504150391,69,1
1520,91802,6.193412780761719,69,2
1521,91834,6.195652008056641,69,3
1522,91830,6.195362091064453,69,4
1523,91802,6.193424224853516,69,5
1524,91824,6.194915771484375,69,6
1525,91894,6.199771881103516,69,7
1526,91886,6.199226379394531,69,8
1527,91822,6.194805145263672,69,9
1528,93168,6.288562774658203,69,10
1529,94682,6.393913269042969,69,11
1530,93176,6.289085388183594,69,12
1531,91870,6.198158264160156,69,13
1532,91932,6.202445983886719,69,14
1533,91914,6.20123291015625,69,15
1534,91832,6.195484161376953,69,16
1535,91756,6.190273284912109,69,17
1536,91778,6.191753387451172,69,18
1537,91788,6.1924896240234375,69,19
1538,91770,6.191162109375,69,20
1539,91782,6.192054748535156,69,21
1540,89184,6.011157989501953,70,0
1541,91790,6.192588806152344,70,1
1542,91732,6.188545227050781,70,2
1543,91816,6.194416046142578,70,3
1544,91840,6.196098327636719,70,4
1545,91798,6.193180084228516,70,5
1546,91790,6.192588806152344,70,6
1547,91840,6.196063995361328,70,7
1548,91850,6.196765899658203,70,8
1549,91812,6.194091796875,70,9
1550,93128,6.285732269287109,70,10
1551,94690,6.394447326660156,70,11
1552,93178,6.289196014404297,70,12
1553,91758,6.190361022949219,70,13
1554,91786,6.192253112792969,70,14
1555,91802,6.193401336669922,70,15
1556,91792,6.192676544189453,70,16
1557,91790,6.192634582519531,70,17
1558,91880,6.198825836181641,70,18
1559,91922,6.201778411865234,70,19
1560,91866,6.197834014892578,70,20
1561,91820,6.194683074951172,70,21
1562,87622,5.9024200439453125,71,0
1563,90230,6.083972930908203,71,1
1564,90164,6.079395294189453,71,2
1565,90198,6.081756591796875,71,3
1566,90220,6.083271026611328,71,4
1567,90206,6.082302093505859,71,5
1568,90198,6.081768035888672,71,6
1569,90212,6.082736968994141,71,7
1570,90180,6.080509185791016,71,8
1571,90128,6.0768890380859375,71,9
1572,91506,6.172863006591797,71,10
1573,93014,6.277801513671875,71,11
1574,91490,6.171726226806641,71,12
1575,90212,6.082725524902344,71,13
1576,90324,6.0904998779296875,71,14
1577,90336,6.091392517089844,71,15
1578,90248,6.085208892822266,71,16
1579,90214,6.082893371582031,71,17
1580,90300,6.088794708251953,71,18
1581,90340,6.091625213623047,71,19
1582,90274,6.087001800537109,71,20
1583,90232,6.084129333496094,71,21
